"","intHVSID","intVID","strVName","strVAlias","strGroupName","dtTime","dtTimeFix","dblLat","dblLon","dblAlt","dblSpeed","dblHeading","strHeading","strLocation","strLMGFLocation","intLocationType","strDescription","strVStatus","tintGPSStatus","tintDOP","tintFixStatus","tintUnitStatus","year","month","day","hour","minute","second"
"1",8550064,120,"DP1             ",4641432008,"STREET REPAIR","2016-06-03 05:28:48.000",2016-06-03 05:28:49,5314307.74364917,-8474577.14232261,0.0013895,0.4250274,67,"NE","101 DIANA AVE & THAYER ST                         ","                         ",2,"    Accessory On",14,3,9,0,0,2016,6,3,5,28,49
"2",8550209,120,"DP1             ",4641432008,"STREET REPAIR","2016-06-03 05:30:31.000",2016-06-03 05:30:32,5314307.2869041,-8474583.26489656,0.0014605,0,178,"S","101 DIANA AVE & THAYER ST                         ","                         ",2,"    Accessory On",14,3,9,0,0,2016,6,3,5,30,32
"3",8550362,120,"DP1             ",4641432008,"STREET REPAIR","2016-06-03 05:32:05.000",2016-06-03 05:32:06,5314268.53980587,-8474585.03487501,0.0014625,0.044739727,26,"NE","101 DIANA AVE & THAYER ST                         ","                         ",2,"    Accessory On",14,3,12,0,0,2016,6,3,5,32,6
"4",8550602,120,"DP1             ",4641432008,"STREET REPAIR","2016-06-03 05:34:34.000",2016-06-03 05:34:35,5314209.66583935,-8474574.23687781,0.001519,0.044739727,183,"S","111 DIANA AVE                                     ","                         ",2,"    Accessory On",14,3,9,0,0,2016,6,3,5,34,35
"5",8550670,120,"DP1             ",4641432008,"STREET REPAIR","2016-06-03 05:35:19.000",2016-06-03 05:35:20,5314202.99743824,-8474573.79159935,0.0013644,0.044739727,183,"S","111 DIANA AVE                                     ","                         ",2,"    Accessory On",14,4,9,2,0,2016,6,3,5,35,20
"6",8550733,120,"DP1             ",4641432008,"STREET REPAIR","2016-06-03 05:35:58.000",2016-06-03 05:35:59,5314202.09918387,-8474569.68390876,0.0014061,0.044739727,101,"E","111 DIANA AVE                                     ","                         ",2,"    Accessory On",14,4,9,2,0,2016,6,3,5,35,59
"7",8550757,120,"DP1             ",4641432008,"STREET REPAIR","2016-06-03 05:36:23.000",2016-06-03 05:36:24,5314205.67697782,-8474574.35932908,0.0013723,0.11184932,15,"N","111 DIANA AVE                                     ","                         ",2,"    Accessory On",14,4,10,2,0,2016,6,3,5,36,24
"8",8550836,120,"DP1             ",4641432008,"STREET REPAIR","2016-06-03 05:37:08.000",2016-06-03 05:37:09,5314204.41333137,-8474571.18672249,0.0013598,0,176,"S","111 DIANA AVE                                     ","                         ",2,"    Accessory On",14,4,9,2,0,2016,6,3,5,37,9
"9",8550893,120,"DP1             ",4641432008,"STREET REPAIR","2016-06-03 05:37:45.000",2016-06-03 05:37:45,5314197.63836135,-8474573.101418,0.0014291,0,157,"SE","111 DIANA AVE                                     ","                         ",2,"    Accessory On",14,4,9,2,0,2016,6,3,5,37,45
"10",8550949,120,"DP1             ",4641432008,"STREET REPAIR","2016-06-03 05:38:26.000",2016-06-03 05:38:26,5314198.73453577,-8474576.18496895,0.001473,0.044739727,177,"S","111 DIANA AVE                                     ","                         ",2,"    Accessory On",14,4,9,2,0,2016,6,3,5,38,26
"11",8551066,120,"DP1             ",4641432008,"STREET REPAIR","2016-06-03 05:39:50.000",2016-06-03 05:39:51,5314164.22032307,-8474574.82686891,0.0014547,0.11184932,279,"W","115 DIANA AVE                                     ","                         ",2,"    Accessory On",14,4,9,2,0,2016,6,3,5,39,51
"12",8551249,120,"DP1             ",4641432008,"STREET REPAIR","2016-06-03 05:41:42.000",2016-06-03 05:41:43,5314109.64032161,-8474575.38346368,0.0013898,0.044739727,182,"S","124 DIANA AVE                                     ","                         ",2,"    Accessory On",14,4,9,2,0,2016,6,3,5,41,43
"13",8551328,120,"DP1             ",4641432008,"STREET REPAIR","2016-06-03 05:42:27.000",2016-06-03 05:42:28,5314102.22599194,-8474571.57633547,0.0015713,0,161,"S","127 DIANA AVE & JEAN ST                           ","                         ",2,"    Accessory On",14,4,9,2,0,2016,6,3,5,42,28
"14",8551399,120,"DP1             ",4641432008,"STREET REPAIR","2016-06-03 05:43:14.000",2016-06-03 05:43:15,5314100.09456349,-8474571.65425903,0.0013782,0,161,"S","127 DIANA AVE & JEAN ST                           ","                         ",2,"    Accessory On",14,4,10,2,0,2016,6,3,5,43,15
"15",8551482,120,"DP1             ",4641432008,"STREET REPAIR","2016-06-03 05:44:08.000",2016-06-03 05:44:08,5314104.76848208,-8474574.24800425,0.0014213,0,1,"N","124 DIANA AVE                                     ","                         ",2,"    Accessory On",14,4,9,2,0,2016,6,3,5,44,8
"16",8551512,120,"DP1             ",4641432008,"STREET REPAIR","2016-06-03 05:44:26.000",2016-06-03 05:44:26,5314105.75807433,-8474573.29065638,0.0013808,0.044739727,32,"NE","127 DIANA AVE & JEAN ST                           ","                         ",2,"    Accessory On",1,4,9,2,0,2016,6,3,5,44,26
"17",8551538,120,"DP1             ",4641432008,"STREET REPAIR","2016-06-03 05:44:47.000",2016-06-03 05:44:47,5314106.7019931,-8474574.43724755,0.0013931,0.044739727,173,"S","124 DIANA AVE                                     ","                         ",2,"    Accessory On",14,4,9,2,0,2016,6,3,5,44,47
"18",8551611,120,"DP1             ",4641432008,"STREET REPAIR","2016-06-03 05:45:36.000",2016-06-03 05:45:37,5314075.03509135,-8474569.7284299,0.0014279,0,175,"S","127 DIANA AVE & JEAN ST                           ","                         ",2,"    Accessory On",14,4,9,2,0,2016,6,3,5,45,37
"19",8551812,120,"DP1             ",4641432008,"STREET REPAIR","2016-06-03 05:47:53.000",2016-06-03 05:47:53,5314058.10552197,-8474576.86401069,0.0014075,0.24606849,236,"SW","128 DIANA AVE & JEAN ST                           ","                         ",2,"    Accessory On",14,4,14,2,0,2016,6,3,5,47,53
"20",8551883,120,"DP1             ",4641432008,"STREET REPAIR","2016-06-03 05:48:50.000",2016-06-03 05:48:51,5314058.97331414,-8474572.04387522,0.0014088,0,326,"NW","127 DIANA AVE & JEAN ST                           ","                         ",2,"    Accessory On",14,4,8,2,0,2016,6,3,5,48,51
"21",8551945,120,"DP1             ",4641432008,"STREET REPAIR","2016-06-03 05:49:32.000",2016-06-03 05:49:33,5314056.126349,-8474553.1418194,0.00145,0.35791782,74,"E","127 DIANA AVE & JEAN ST                           ","                         ",2,"    Accessory On",14,4,8,2,0,2016,6,3,5,49,33
"22",8552085,120,"DP1             ",4641432008,"STREET REPAIR","2016-06-03 05:51:39.000",2016-06-03 05:51:40,5314053.46207678,-8474550.74844943,0.0013748,0,253,"W","127 DIANA AVE & JEAN ST                           ","                         ",2,"    Accessory On",14,4,9,2,0,2016,6,3,5,51,40
"23",8552257,120,"DP1             ",4641432008,"STREET REPAIR","2016-06-03 05:53:43.000",2016-06-03 05:53:44,5314057.3443038,-8474525.04477087,0.0013582,0,82,"E","117 JEAN ST                                       ","                         ",2,"    Accessory On",14,4,9,2,0,2016,6,3,5,53,44
"24",8552334,120,"DP1             ",4641432008,"STREET REPAIR","2016-06-03 05:54:36.000",2016-06-03 05:54:37,5314058.63837946,-8474523.41950585,0.0014689,0,88,"E","117 JEAN ST                                       ","                         ",2,"    Accessory On",14,4,9,2,0,2016,6,3,5,54,37
"25",8552360,120,"DP1             ",4641432008,"STREET REPAIR","2016-06-03 05:55:07.000",2016-06-03 05:55:08,5314056.30904387,-8474517.49730689,0.0014681,0.29080823,115,"SE","117 JEAN ST                                       ","                         ",2,"    Accessory On",14,4,10,2,0,2016,6,3,5,55,8
"26",8552443,120,"DP1             ",4641432008,"STREET REPAIR","2016-06-03 05:56:19.000",2016-06-03 05:56:19,5314060.9981678,-8474466.8469224,0.0014408,0,84,"E","125 JEAN ST                                       ","                         ",2,"    Accessory On",14,3,9,0,0,2016,6,3,5,56,19
"27",8552585,120,"DP1             ",4641432008,"STREET REPAIR","2016-06-03 05:58:02.000",2016-06-03 05:58:03,5314068.30589841,-8474381.8767279,0.0014325,0,97,"E","133 JEAN ST & JAMESVILLE AVE                      ","                         ",2,"    Accessory On",14,3,9,0,0,2016,6,3,5,58,3
"28",8552629,120,"DP1             ",4641432008,"STREET REPAIR","2016-06-03 05:58:34.000",2016-06-03 05:58:35,5314069.24981335,-8474383.85821553,0.001573,0.044739727,97,"E","133 JEAN ST & JAMESVILLE AVE                      ","                         ",2,"    Accessory On",14,3,9,0,0,2016,6,3,5,58,35
"29",8552717,120,"DP1             ",4641432008,"STREET REPAIR","2016-06-03 05:59:52.000",2016-06-03 05:59:53,5314074.47179628,-8474391.45020754,0.0014386,0.35791782,26,"NE","133 JEAN ST & JAMESVILLE AVE                      ","                         ",2,"    Accessory On",14,3,9,0,0,2016,6,3,5,59,53
"30",8552803,120,"DP1             ",4641432008,"STREET REPAIR","2016-06-03 06:01:21.000",2016-06-03 06:01:21,5314060.23695359,-8474335.67912381,0.0014463,0,154,"SE","1223 JAMESVILLE AVE & TEJAH AV                    ","                         ",2,"    Accessory On",14,3,10,0,0,2016,6,3,6,1,21
"31",8553483,120,"DP1             ",4641432008,"STREET REPAIR","2016-06-03 06:08:31.000",2016-06-03 06:08:32,5313894.62712483,-8474909.73165145,0.0013101,0,356,"N","114 GAME RD                                       ","                         ",2,"    Accessory On",14,4,8,2,0,2016,6,3,6,8,32
"32",8553612,120,"DP1             ",4641432008,"STREET REPAIR","2016-06-03 06:09:59.000",2016-06-03 06:09:59,5313899.89468308,-8474910.26598546,0.0013061,0,356,"N","116 GAME RD                                       ","                         ",2,"    Accessory On",14,4,8,2,0,2016,6,3,6,9,59
"33",8553640,120,"DP1             ",4641432008,"STREET REPAIR","2016-06-03 06:10:24.000",2016-06-03 06:10:24,5313896.72805821,-8474908.17317819,0.0013347,0,356,"N","114 GAME RD                                       ","                         ",2,"    Accessory On",14,4,8,2,0,2016,6,3,6,10,24
"34",8553710,120,"DP1             ",4641432008,"STREET REPAIR","2016-06-03 06:11:07.000",2016-06-03 06:11:07,5313897.21523147,-8474903.29738293,0.0013912,3.2883699,312,"NW","114 GAME RD                                       ","                         ",2,"    Accessory On",14,4,34,2,0,2016,6,3,6,11,7
"35",8553827,120,"DP1             ",4641432008,"STREET REPAIR","2016-06-03 06:12:24.000",2016-06-03 06:12:25,5313880.33165648,-8474909.97655366,0.0013632,0.044739727,205,"SW","114 GAME RD                                       ","                         ",2,"    Accessory On",14,4,9,2,0,2016,6,3,6,12,25
"36",8553935,120,"DP1             ",4641432008,"STREET REPAIR","2016-06-03 06:13:30.000",2016-06-03 06:13:31,5313885.49263771,-8474910.59994328,0.0012534,0,220,"SW","114 GAME RD                                       ","                         ",2,"    Accessory On",14,4,10,2,0,2016,6,3,6,13,31
"37",8554161,120,"DP1             ",4641432008,"STREET REPAIR","2016-06-03 06:15:33.000",2016-06-03 06:15:34,5313873.51124873,-8474915.90988409,0.0012782,0,229,"SW","115 GAME RD                                       ","                         ",2,"    Accessory On",14,4,9,2,0,2016,6,3,6,15,34
"38",8554384,120,"DP1             ",4641432008,"STREET REPAIR","2016-06-03 06:17:48.000",2016-06-03 06:17:48,5313874.54648897,-8474913.01557644,0.0013067,0.11184932,356,"N","114 GAME RD                                       ","                         ",2,"    Accessory On",14,4,8,2,0,2016,6,3,6,17,48
"39",8554553,120,"DP1             ",4641432008,"STREET REPAIR","2016-06-03 06:19:48.000",2016-06-03 06:19:49,5313867.01055276,-8474911.29012338,0.0013517,0,22,"N","114 GAME RD                                       ","                         ",2,"    Accessory On",14,4,9,2,0,2016,6,3,6,19,49
"40",8554679,120,"DP1             ",4641432008,"STREET REPAIR","2016-06-03 06:21:14.000",2016-06-03 06:21:15,5313861.91047845,-8474904.80019469,0.001358,4.272644,144,"SE","114 GAME RD                                       ","                         ",2,"    Accessory On",14,3,17,0,0,2016,6,3,6,21,15
"41",8554799,120,"DP1             ",4641432008,"STREET REPAIR","2016-06-03 06:22:31.000",2016-06-03 06:22:31,5313863.18930217,-8474918.13627408,0.0013497,1.3645617,191,"S","115 GAME RD                                       ","                         ",2,"    Accessory On",14,3,67,0,0,2016,6,3,6,22,31
"42",8555072,120,"DP1             ",4641432008,"STREET REPAIR","2016-06-03 06:25:09.000",2016-06-03 06:25:10,5313830.12261278,-8474911.49049659,0.0013448,4.4068632,162,"S","112 GAME RD                                       ","                         ",2,"    Accessory On",14,4,10,2,0,2016,6,3,6,25,10
"43",8555243,120,"DP1             ",4641432008,"STREET REPAIR","2016-06-03 06:26:49.000",2016-06-03 06:26:50,5313845.69682664,-8474906.85960509,0.0013746,0.044739727,304,"NW","112 GAME RD                                       ","                         ",2,"    Accessory On",14,4,9,2,0,2016,6,3,6,26,50
"44",8555419,120,"DP1             ",4641432008,"STREET REPAIR","2016-06-03 06:28:29.000",2016-06-03 06:28:29,5313809.60061945,-8474906.83733929,0.0013571,0,21,"N","110 GAME RD                                       ","                         ",2,"    Accessory On",14,3,8,0,0,2016,6,3,6,28,29
"45",8555580,120,"DP1             ",4641432008,"STREET REPAIR","2016-06-03 06:30:01.000",2016-06-03 06:30:01,5313777.52367704,-8474900.43646481,0.0015158,0.49213699,187,"S","110 GAME RD                                       ","                         ",2,"    Accessory On",14,3,15,0,0,2016,6,3,6,30,1
"46",8555630,120,"DP1             ",4641432008,"STREET REPAIR","2016-06-03 06:30:33.000",2016-06-03 06:30:34,5313765.69466587,-8474905.24546775,0.0015048,0,186,"S","110 GAME RD                                       ","                         ",2,"    Accessory On",14,3,8,0,0,2016,6,3,6,30,34
"47",8555782,120,"DP1             ",4641432008,"STREET REPAIR","2016-06-03 06:32:04.000",2016-06-03 06:32:05,5313766.97347733,-8474901.60531929,0.0013916,0.044739727,29,"NE","110 GAME RD                                       ","                         ",2,"    Accessory On",14,3,9,0,0,2016,6,3,6,32,5
"48",8555924,120,"DP1             ",4641432008,"STREET REPAIR","2016-06-03 06:33:36.000",2016-06-03 06:33:33,5313777.56934825,-8474913.14915478,0.0013257,3.4002192,322,"NW","110 GAME RD                                       ","                         ",2,"    Accessory On",14,0,60,4,0,2016,6,3,6,33,33
"49",8555998,120,"DP1             ",4641432008,"STREET REPAIR","2016-06-03 06:34:14.000",2016-06-03 06:34:08,5313755.266271,-8474904.58868199,0.00147,3.0423014,232,"SW","169 AINSLEY DR & GAME RD                          ","                         ",2,"    Accessory On",14,0,27,4,0,2016,6,3,6,34,8
"50",8556067,120,"DP1             ",4641432008,"STREET REPAIR","2016-06-03 06:35:09.000",2016-06-03 06:35:10,5313752.05402306,-8474907.95053154,0.0012972,0,34,"NE","153 AINSLEY DR & GAME RD                          ","                         ",2,"    Accessory On",14,4,8,2,0,2016,6,3,6,35,10
"51",8556263,120,"DP1             ",4641432008,"STREET REPAIR","2016-06-03 06:37:10.000",2016-06-03 06:37:09,5313734.86623512,-8474862.00896188,0.0015321,7.3820548,78,"E","169 AINSLEY DR & GAME RD                          ","                         ",2,"    Accessory On",14,0,34,20,0,2016,6,3,6,37,9
"52",8556336,120,"DP1             ",4641432008,"STREET REPAIR","2016-06-03 06:38:08.000",2016-06-03 06:38:08,5313706.35192596,-8474901.30475338,0.0013932,1.2974521,295,"NW","169 AINSLEY DR & GAME RD                          ","                         ",2,"    Accessory On",14,0,21,20,0,2016,6,3,6,38,8
"53",8556519,120,"DP1             ",4641432008,"STREET REPAIR","2016-06-03 06:40:13.000",2016-06-03 06:40:13,5313681.12604692,-8474905.35678284,0.00137,0,64,"NE","153 AINSLEY DR & GAME RD                          ","                         ",2,"    Accessory On",14,4,10,2,0,2016,6,3,6,40,13
"54",8556629,120,"DP1             ",4641432008,"STREET REPAIR","2016-06-03 06:41:32.000",2016-06-03 06:41:32,5313680.09082813,-8474907.39393013,0.0013382,0.044739727,352,"N","153 AINSLEY DR & GAME RD                          ","                         ",2,"    Accessory On",14,3,9,0,0,2016,6,3,6,41,32
"55",8556692,120,"DP1             ",4641432008,"STREET REPAIR","2016-06-03 06:42:18.000",2016-06-03 06:42:18,5313677.65501939,-8474917.65759038,0.0013456,0.044739727,272,"W","153 AINSLEY DR & GAME RD                          ","                         ",2,"    Accessory On",14,3,8,0,0,2016,6,3,6,42,18
"56",8558943,120,"DP1             ",4641432008,"STREET REPAIR","2016-06-03 07:06:52.000",2016-06-03 07:06:52,5319788.70358441,-8481912.47604455,0.0012555,0,53,"NE","701 AVERY AVE & ERIE ST                           ","                         ",2,"    Accessory On",14,4,8,2,0,2016,6,3,7,6,52
"57",8559078,120,"DP1             ",4641432008,"STREET REPAIR","2016-06-03 07:08:18.000",2016-06-03 07:08:18,5319786.64702823,-8481899.54071542,0.0011812,0,59,"NE","701 AVERY AVE & ERIE ST                           ","                         ",2,"    Accessory On",14,4,8,2,0,2016,6,3,7,8,18
"58",8559299,120,"DP1             ",4641432008,"STREET REPAIR","2016-06-03 07:10:43.000",2016-06-03 07:10:43,5319786.29665207,-8481896.79112309,0.0011838,0.044739727,55,"NE","701 AVERY AVE & ERIE ST                           ","                         ",2,"    Accessory On",14,3,8,0,0,2016,6,3,7,10,43
"59",8559435,120,"DP1             ",4641432008,"STREET REPAIR","2016-06-03 07:12:36.000",2016-06-03 07:12:36,5319783.35653863,-8481891.41438978,0.0011808,0,55,"NE","701 AVERY AVE & ERIE ST                           ","                         ",2,"    Accessory On",14,3,8,0,0,2016,6,3,7,12,36
"60",8562850,120,"DP1             ",4641432008,"STREET REPAIR","2016-06-03 07:49:50.000",2016-06-03 07:49:50,5314826.81794252,-8476165.47162363,0.0009955,0,80,"E","108-10 CORNING AVE W                              ","                         ",2,"    Accessory On",14,4,11,2,0,2016,6,3,7,49,50
"61",8562893,120,"DP1             ",4641432008,"STREET REPAIR","2016-06-03 07:50:24.000",2016-06-03 07:50:24,5314828.53844354,-8476163.89088644,0.0009646,0.17895891,264,"W","2930 SALINA ST S & CORNING AVE                    ","                         ",2,"    Accessory On",14,4,9,2,0,2016,6,3,7,50,24
"62",8562941,120,"DP1             ",4641432008,"STREET REPAIR","2016-06-03 07:50:55.000",2016-06-03 07:50:55,5314826.01098183,-8476168.92252892,0.0009756,0,264,"W","108-10 CORNING AVE W                              ","                         ",2,"    Accessory On",14,4,15,2,0,2016,6,3,7,50,55
"63",8562997,120,"DP1             ",4641432008,"STREET REPAIR","2016-06-03 07:51:31.000",2016-06-03 07:51:31,5314831.03545357,-8476177.82809134,0.0009342,0.044739727,267,"W","108-10 CORNING AVE W                              ","                         ",2,"    Accessory On",14,4,8,2,0,2016,6,3,7,51,31
"64",8563034,120,"DP1             ",4641432008,"STREET REPAIR","2016-06-03 07:51:52.000",2016-06-03 07:51:52,5314830.73093975,-8476183.00444932,0.0009426,0.11184932,270,"W","108-10 CORNING AVE W                              ","                         ",2,"    Accessory On",14,4,10,2,0,2016,6,3,7,51,52
"65",8563101,120,"DP1             ",4641432008,"STREET REPAIR","2016-06-03 07:52:37.000",2016-06-03 07:52:37,5314826.33071974,-8476190.46285739,0.0010097,0.044739727,267,"W","112-16 CORNING AVE W                              ","                         ",2,"    Accessory On",14,4,8,2,0,2016,6,3,7,52,37
"66",8563229,120,"DP1             ",4641432008,"STREET REPAIR","2016-06-03 07:53:48.000",2016-06-03 07:53:48,5314829.22359749,-8476189.77267648,0.0009528,0.044739727,267,"W","108-10 CORNING AVE W                              ","                         ",2,"    Accessory On",14,4,8,2,0,2016,6,3,7,53,48
"67",8563340,120,"DP1             ",4641432008,"STREET REPAIR","2016-06-03 07:54:59.000",2016-06-03 07:54:59,5314829.36062732,-8476213.3946801,0.0009854,0.044739727,268,"W","120 CORNING AVE W                                 ","                         ",2,"    Accessory On",14,4,10,2,0,2016,6,3,7,54,59
"68",8563409,120,"DP1             ",4641432008,"STREET REPAIR","2016-06-03 07:55:42.000",2016-06-03 07:55:42,5314827.65535135,-8476223.76965991,0.000982,0.044739727,259,"W","120 CORNING AVE W                                 ","                         ",2,"    Accessory On",14,4,11,2,0,2016,6,3,7,55,42
"69",8563451,120,"DP1             ",4641432008,"STREET REPAIR","2016-06-03 07:56:10.000",2016-06-03 07:56:10,5314820.19477484,-8476228.17791278,0.0010614,0.044739727,259,"W","120 CORNING AVE W                                 ","                         ",2,"    Accessory On",14,4,10,2,0,2016,6,3,7,56,10
"70",8563521,120,"DP1             ",4641432008,"STREET REPAIR","2016-06-03 07:56:53.000",2016-06-03 07:56:53,5314814.15018987,-8476227.81055803,0.0010684,0.044739727,259,"W","120 CORNING AVE W                                 ","                         ",2,"    Accessory On",14,4,10,2,0,2016,6,3,7,56,53
"71",8563623,120,"DP1             ",4641432008,"STREET REPAIR","2016-06-03 07:58:12.000",2016-06-03 07:58:12,5314819.58574837,-8476229.89223347,0.0010186,0,259,"W","120 CORNING AVE W                                 ","                         ",2,"    Accessory On",14,4,11,2,0,2016,6,3,7,58,12
"72",8563673,120,"DP1             ",4641432008,"STREET REPAIR","2016-06-03 07:58:48.000",2016-06-03 07:58:48,5314816.12952425,-8476233.78841673,0.0010632,0,254,"W","124 CORNING AVE W                                 ","                         ",2,"    Accessory On",14,4,11,2,0,2016,6,3,7,58,48
"73",8563819,120,"DP1             ",4641432008,"STREET REPAIR","2016-06-03 08:00:46.000",2016-06-03 08:00:46,5314820.75812394,-8476234.23369508,0.0010187,0,258,"W","124 CORNING AVE W                                 ","                         ",2,"    Accessory On",14,4,11,2,0,2016,6,3,8,0,46
"74",8563870,120,"DP1             ",4641432008,"STREET REPAIR","2016-06-03 08:01:27.000",2016-06-03 08:01:27,5314820.392708,-8476236.08159921,0.0010711,0,257,"W","124 CORNING AVE W                                 ","                         ",2,"    Accessory On",14,4,11,2,0,2016,6,3,8,1,27
"75",8563935,120,"DP1             ",4641432008,"STREET REPAIR","2016-06-03 08:02:16.000",2016-06-03 08:02:16,5314823.54442046,-8476230.67147036,0.0010188,0.24606849,76,"E","124 CORNING AVE W                                 ","                         ",2,"    Accessory On",14,4,11,2,0,2016,6,3,8,2,16
"76",8563979,120,"DP1             ",4641432008,"STREET REPAIR","2016-06-03 08:02:34.000",2016-06-03 08:02:34,5314821.06263696,-8476238.14101049,0.0010321,0.17895891,258,"W","124 CORNING AVE W                                 ","                         ",2,"    Accessory On",14,4,11,2,0,2016,6,3,8,2,34
"77",8564009,120,"DP1             ",4641432008,"STREET REPAIR","2016-06-03 08:03:08.000",2016-06-03 08:03:08,5314821.71734034,-8476239.61042828,0.0009855,0,74,"E","124 CORNING AVE W                                 ","                         ",2,"    Accessory On",14,4,11,2,0,2016,6,3,8,3,8
"78",8564081,120,"DP1             ",4641432008,"STREET REPAIR","2016-06-03 08:03:53.000",2016-06-03 08:03:53,5314820.01206632,-8476239.52137257,0.0009823,0.044739727,259,"W","124 CORNING AVE W                                 ","                         ",2,"    Accessory On",14,4,11,2,0,2016,6,3,8,3,53
"79",8564144,120,"DP1             ",4641432008,"STREET REPAIR","2016-06-03 08:04:37.000",2016-06-03 08:04:37,5314814.30244462,-8476260.79453386,0.0010037,0.044739727,260,"W","132 CORNING AVE W                                 ","                         ",2,"    Accessory On",14,4,11,2,0,2016,6,3,8,4,37
"80",8564203,120,"DP1             ",4641432008,"STREET REPAIR","2016-06-03 08:05:20.000",2016-06-03 08:05:20,5314809.27798093,-8476269.77801942,0.0009263,0,237,"SW","132 CORNING AVE W                                 ","                         ",2,"    Accessory On",14,4,11,2,0,2016,6,3,8,5,20
"81",8564285,120,"DP1             ",4641432008,"STREET REPAIR","2016-06-03 08:06:20.000",2016-06-03 08:06:20,5314806.08059644,-8476273.72986245,0.0010463,0.044739727,328,"NW","136 CORNING AVE W                                 ","                         ",2,"    Accessory On",14,4,11,2,0,2016,6,3,8,6,20
"82",8564330,120,"DP1             ",4641432008,"STREET REPAIR","2016-06-03 08:06:54.000",2016-06-03 08:06:54,5314803.1725001,-8476276.62417,0.0010368,0.11184932,273,"W","136 CORNING AVE W                                 ","                         ",2,"    Accessory On",14,4,11,2,0,2016,6,3,8,6,54
"83",8564382,120,"DP1             ",4641432008,"STREET REPAIR","2016-06-03 08:07:38.000",2016-06-03 08:07:38,5314802.50257235,-8476275.97851671,0.0011816,0.4250274,273,"W","136 CORNING AVE W                                 ","                         ",2,"    Accessory On",14,4,11,2,0,2016,6,3,8,7,38
"84",8564476,120,"DP1             ",4641432008,"STREET REPAIR","2016-06-03 08:08:41.000",2016-06-03 08:08:41,5314805.16705797,-8476279.5184778,0.0011478,0,261,"W","136 CORNING AVE W                                 ","                         ",2,"    Accessory On",14,4,11,2,0,2016,6,3,8,8,41
"85",8564509,120,"DP1             ",4641432008,"STREET REPAIR","2016-06-03 08:09:09.000",2016-06-03 08:09:09,5314807.22251883,-8476282.07882703,0.0010693,0.044739727,261,"W","136 CORNING AVE W                                 ","                         ",2,"    Accessory On",14,4,11,2,0,2016,6,3,8,9,9
"86",8564569,120,"DP1             ",4641432008,"STREET REPAIR","2016-06-03 08:09:47.000",2016-06-03 08:09:47,5314805.95879075,-8476284.95087076,0.0011244,0.044739727,256,"W","140 CORNING AVE W                                 ","                         ",2,"    Accessory On",14,4,11,2,0,2016,6,3,8,9,47
"87",8564618,120,"DP1             ",4641432008,"STREET REPAIR","2016-06-03 08:10:34.000",2016-06-03 08:10:34,5314807.89244684,-8476284.17163417,0.0010308,0,262,"W","140 CORNING AVE W                                 ","                         ",2,"    Accessory On",14,4,11,2,0,2016,6,3,8,10,34
"88",8564877,120,"DP1             ",4641432008,"STREET REPAIR","2016-06-03 08:13:39.000",2016-06-03 08:13:39,5314808.69940579,-8476284.04918273,0.001014,0.044739727,83,"E","140 CORNING AVE W                                 ","                         ",2,"    Accessory On",14,4,9,2,0,2016,6,3,8,13,39
"89",8564949,120,"DP1             ",4641432008,"STREET REPAIR","2016-06-03 08:14:35.000",2016-06-03 08:14:35,5314803.11159646,-8476297.80827597,0.0010802,0,270,"W","144 CORNING AVE W                                 ","                         ",2,"    Accessory On",14,4,11,2,0,2016,6,3,8,14,35
"90",8565128,120,"DP1             ",4641432008,"STREET REPAIR","2016-06-03 08:16:56.000",2016-06-03 08:16:56,5314814.13496068,-8476294.62453808,0.0010118,0.044739727,81,"E","140 CORNING AVE W                                 ","                         ",2,"    Accessory On",14,4,9,2,0,2016,6,3,8,16,56
"91",8565213,120,"DP1             ",4641432008,"STREET REPAIR","2016-06-03 08:18:23.000",2016-06-03 08:18:23,5314809.689072,-8476293.95662068,0.0010402,0.044739727,259,"W","140 CORNING AVE W                                 ","                         ",2,"    Accessory On",14,4,9,2,0,2016,6,3,8,18,23
"92",8565290,120,"DP1             ",4641432008,"STREET REPAIR","2016-06-03 08:19:25.000",2016-06-03 08:19:25,5314814.82011489,-8476295.86018486,0.0010316,0,259,"W","140 CORNING AVE W                                 ","                         ",2,"    Accessory On",14,4,11,2,0,2016,6,3,8,19,25
"93",8565367,120,"DP1             ",4641432008,"STREET REPAIR","2016-06-03 08:20:46.000",2016-06-03 08:20:46,5314806.72007196,-8476297.35186609,0.0009873,0.98427397,261,"W","140 CORNING AVE W                                 ","                         ",2,"    Accessory On",14,4,9,2,0,2016,6,3,8,20,46
"94",8565451,120,"DP1             ",4641432008,"STREET REPAIR","2016-06-03 08:22:13.000",2016-06-03 08:22:13,5314805.91311283,-8476304.15348915,0.001088,0.11184932,259,"W","144 CORNING AVE W                                 ","                         ",2,"    Accessory On",14,4,9,2,0,2016,6,3,8,22,13
"95",8565531,120,"DP1             ",4641432008,"STREET REPAIR","2016-06-03 08:23:35.000",2016-06-03 08:23:35,5314807.10071262,-8476302.92897441,0.0011259,0.17895891,259,"W","144 CORNING AVE W                                 ","                         ",2,"    Accessory On",14,4,9,2,0,2016,6,3,8,23,35
"96",8565686,120,"DP1             ",4641432008,"STREET REPAIR","2016-06-03 08:25:28.000",2016-06-03 08:25:28,5314805.50202072,-8476302.83991871,0.0011126,0,74,"E","144 CORNING AVE W                                 ","                         ",2,"    Accessory On",14,4,9,2,0,2016,6,3,8,25,28
"97",8565756,120,"DP1             ",4641432008,"STREET REPAIR","2016-06-03 08:26:18.000",2016-06-03 08:26:18,5314805.19750785,-8476305.71196249,0.0010997,0,262,"W","144 CORNING AVE W                                 ","                         ",2,"    Accessory On",14,4,9,2,0,2016,6,3,8,26,18
"98",8565839,120,"DP1             ",4641432008,"STREET REPAIR","2016-06-03 08:27:31.000",2016-06-03 08:27:31,5314806.68962025,-8476305.62290694,0.0010667,0,332,"NW","144 CORNING AVE W                                 ","                         ",2,"    Accessory On",14,4,9,2,0,2016,6,3,8,27,31
"99",8565932,120,"DP1             ",4641432008,"STREET REPAIR","2016-06-03 08:28:49.000",2016-06-03 08:28:49,5314816.20564879,-8476304.23141336,0.0010064,0.044739727,332,"NW","144 CORNING AVE W                                 ","                         ",2,"    Accessory On",14,4,9,2,0,2016,6,3,8,28,49
"100",8566000,120,"DP1             ",4641432008,"STREET REPAIR","2016-06-03 08:29:45.000",2016-06-03 08:29:45,5314815.55094611,-8476296.97338017,0.0009908,0,332,"NW","140 CORNING AVE W                                 ","                         ",2,"    Accessory On",14,4,9,2,0,2016,6,3,8,29,45
"101",8566052,120,"DP1             ",4641432008,"STREET REPAIR","2016-06-03 08:30:36.000",2016-06-03 08:30:36,5314811.74453357,-8476301.74898767,0.001014,0,268,"W","144 CORNING AVE W                                 ","                         ",2,"    Accessory On",14,4,9,2,0,2016,6,3,8,30,36
"102",8566103,120,"DP1             ",4641432008,"STREET REPAIR","2016-06-03 08:31:13.000",2016-06-03 08:31:13,5314804.86254397,-8476303.9865098,0.0010383,0.044739727,268,"W","144 CORNING AVE W                                 ","                         ",2,"    Accessory On",14,4,9,2,0,2016,6,3,8,31,13
"103",8566150,120,"DP1             ",4641432008,"STREET REPAIR","2016-06-03 08:31:55.000",2016-06-03 08:31:55,5314802.95934015,-8476297.64129667,0.0010599,0.044739727,155,"SE","144 CORNING AVE W                                 ","                         ",2,"    Accessory On",14,4,12,2,0,2016,6,3,8,31,55
"104",8566244,120,"DP1             ",4641432008,"STREET REPAIR","2016-06-03 08:33:09.000",2016-06-03 08:33:09,5314805.27363639,-8476298.97713111,0.0010921,0.044739727,149,"SE","144 CORNING AVE W                                 ","                         ",2,"    Accessory On",14,4,9,2,0,2016,6,3,8,33,9
"105",8566321,120,"DP1             ",4641432008,"STREET REPAIR","2016-06-03 08:34:20.000",2016-06-03 08:34:20,5314807.81631739,-8476307.87156145,0.0011695,0.044739727,255,"W","144 CORNING AVE W                                 ","                         ",2,"    Accessory On",14,4,9,2,0,2016,6,3,8,34,20
"106",8566392,120,"DP1             ",4641432008,"STREET REPAIR","2016-06-03 08:35:25.000",2016-06-03 08:35:25,5314806.36988211,-8476300.80277141,0.0011246,0.044739727,255,"W","144 CORNING AVE W                                 ","                         ",2,"    Accessory On",14,4,12,2,0,2016,6,3,8,35,25
"107",8566445,120,"DP1             ",4641432008,"STREET REPAIR","2016-06-03 08:36:09.000",2016-06-03 08:36:09,5314806.33943062,-8476304.82140633,0.0011254,0.11184932,255,"W","144 CORNING AVE W                                 ","                         ",2,"    Accessory On",14,4,9,2,0,2016,6,3,8,36,9
"108",8566517,120,"DP1             ",4641432008,"STREET REPAIR","2016-06-03 08:36:58.000",2016-06-03 08:36:58,5314812.01859486,-8476308.29457587,0.0009555,0.044739727,255,"W","144 CORNING AVE W                                 ","                         ",2,"    Accessory On",14,4,11,2,0,2016,6,3,8,36,58
"109",8566617,120,"DP1             ",4641432008,"STREET REPAIR","2016-06-03 08:38:23.000",2016-06-03 08:38:23,5314808.31876338,-8476310.35398692,0.0010293,0.044739727,125,"SE","144 CORNING AVE W                                 ","                         ",2,"    Accessory On",14,4,9,2,0,2016,6,3,8,38,23
"110",8566707,120,"DP1             ",4641432008,"STREET REPAIR","2016-06-03 08:39:45.000",2016-06-03 08:39:45,5314815.50526816,-8476315.77524826,0.0010154,0,125,"SE","146 CORNING AVE W                                 ","                         ",2,"    Accessory On",14,4,11,2,0,2016,6,3,8,39,45
"111",8566851,120,"DP1             ",4641432008,"STREET REPAIR","2016-06-03 08:41:40.000",2016-06-03 08:41:40,5314807.05503496,-8476317.12221409,0.0010212,0.044739727,264,"W","146 CORNING AVE W                                 ","                         ",2,"    Accessory On",14,4,12,2,0,2016,6,3,8,41,40
"112",8566963,120,"DP1             ",4641432008,"STREET REPAIR","2016-06-03 08:42:49.000",2016-06-03 08:42:49,5314804.58848215,-8476311.60076543,0.0009878,0.044739727,264,"W","146 CORNING AVE W                                 ","                         ",2,"    Accessory On",14,4,9,2,0,2016,6,3,8,42,49
"113",8567078,120,"DP1             ",4641432008,"STREET REPAIR","2016-06-03 08:44:03.000",2016-06-03 08:44:03,5314809.03436851,-8476310.33172305,0.0009361,0,259,"W","144 CORNING AVE W                                 ","                         ",2,"    Accessory On",14,4,9,2,0,2016,6,3,8,44,3
"114",8567689,120,"DP1             ",4641432008,"STREET REPAIR","2016-06-03 08:50:37.000",2016-06-03 08:50:37,5314806.99413242,-8476316.67693598,0.0009941,0.044739727,242,"SW","146 CORNING AVE W                                 ","                         ",2,"    Accessory On",14,4,9,2,0,2016,6,3,8,50,37
"115",8573556,120,"DP1             ",4641432008,"STREET REPAIR","2016-06-03 10:12:13.000",2016-06-03 10:12:13,5314807.07026039,-8476320.89594605,0.0008882,0,91,"E","146 CORNING AVE W                                 ","                         ",2,"    Accessory On",14,4,9,2,0,2016,6,3,10,12,13
"116",8573680,120,"DP1             ",4641432008,"STREET REPAIR","2016-06-03 10:13:53.000",2016-06-03 10:13:54,5314805.16705581,-8476320.35048027,0.0009491,0,91,"E","146 CORNING AVE W                                 ","                         ",2,"    Accessory On",14,4,9,2,0,2016,6,3,10,13,54
"117",8573736,120,"DP1             ",4641432008,"STREET REPAIR","2016-06-03 10:14:40.000",2016-06-03 10:14:40,5314805.42589138,-8476324.73646965,0.0009073,0.17895891,263,"W","146 CORNING AVE W                                 ","                         ",2,"    Accessory On",14,4,11,2,0,2016,6,3,10,14,40
"118",8573818,120,"DP1             ",4641432008,"STREET REPAIR","2016-06-03 10:15:53.000",2016-06-03 10:15:53,5314805.50201991,-8476318.14635366,0.0008412,0,263,"W","146 CORNING AVE W                                 ","                         ",2,"    Accessory On",14,4,9,2,0,2016,6,3,10,15,53
"119",8573892,120,"DP1             ",4641432008,"STREET REPAIR","2016-06-03 10:16:54.000",2016-06-03 10:16:54,5314803.82719986,-8476322.89969737,0.0008953,0.11184932,263,"W","146 CORNING AVE W                                 ","                         ",2,"    Accessory On",14,4,9,2,0,2016,6,3,10,16,54
"120",8573983,120,"DP1             ",4641432008,"STREET REPAIR","2016-06-03 10:18:05.000",2016-06-03 10:18:05,5314804.10126116,-8476324.74760153,0.0009234,0,262,"W","146 CORNING AVE W                                 ","                         ",2,"    Accessory On",14,4,9,2,0,2016,6,3,10,18,5
"121",8574071,120,"DP1             ",4641432008,"STREET REPAIR","2016-06-03 10:19:14.000",2016-06-03 10:19:14,5314806.33942907,-8476334.14296971,0.0010561,0.17895891,262,"W","150 CORNING AVE W                                 ","                         ",2,"    Accessory On",14,4,11,2,0,2016,6,3,10,19,14
"122",8574126,120,"DP1             ",4641432008,"STREET REPAIR","2016-06-03 10:20:11.000",2016-06-03 10:20:12,5314802.48734415,-8476324.62514996,0.0009401,0,264,"W","146 CORNING AVE W                                 ","                         ",2,"    Accessory On",14,4,10,2,0,2016,6,3,10,20,12
"123",8574177,120,"DP1             ",4641432008,"STREET REPAIR","2016-06-03 10:21:05.000",2016-06-03 10:21:06,5314801.42155012,-8476323.06667653,0.0009275,0.35791782,268,"W","146 CORNING AVE W                                 ","                         ",2,"    Accessory On",14,4,9,2,0,2016,6,3,10,21,6
"124",8574254,120,"DP1             ",4641432008,"STREET REPAIR","2016-06-03 10:22:17.000",2016-06-03 10:22:17,5314797.78262531,-8476325.60476155,0.0010245,0,255,"W","150 CORNING AVE W                                 ","                         ",2,"    Accessory On",14,4,8,2,0,2016,6,3,10,22,17
"125",8574301,120,"DP1             ",4641432008,"STREET REPAIR","2016-06-03 10:22:57.000",2016-06-03 10:22:58,5314802.98979004,-8476323.45629496,0.0009257,0.044739727,82,"E","146 CORNING AVE W                                 ","                         ",2,"    Accessory On",14,4,9,2,0,2016,6,3,10,22,58
"126",8574332,120,"DP1             ",4641432008,"STREET REPAIR","2016-06-03 10:23:27.000",2016-06-03 10:23:27,5314804.71028636,-8476327.96473589,0.0009139,0,77,"E","150 CORNING AVE W                                 ","                         ",2,"    Accessory On",14,4,13,2,0,2016,6,3,10,23,27
"127",8574409,120,"DP1             ",4641432008,"STREET REPAIR","2016-06-03 10:24:38.000",2016-06-03 10:24:39,5314802.35031206,-8476351.45315594,0.0009577,0,260,"W","154 CORNING AVE W                                 ","                         ",2,"    Accessory On",14,4,9,2,0,2016,6,3,10,24,39
"128",8574460,120,"DP1             ",4641432008,"STREET REPAIR","2016-06-03 10:25:22.000",2016-06-03 10:25:22,5314798.7722892,-8476357.40875044,0.0009817,0,267,"W","158 CORNING AVE W                                 ","                         ",2,"    Accessory On",14,4,9,2,0,2016,6,3,10,25,22
"129",8574516,120,"DP1             ",4641432008,"STREET REPAIR","2016-06-03 10:26:03.000",2016-06-03 10:26:04,5314801.58903003,-8476361.13795474,0.0008832,0.044739727,263,"W","158 CORNING AVE W                                 ","                         ",2,"    Accessory On",14,4,9,2,0,2016,6,3,10,26,4
"130",8574543,120,"DP1             ",4641432008,"STREET REPAIR","2016-06-03 10:26:33.000",2016-06-03 10:26:33,5314801.58902978,-8476365.75771511,0.0009108,0.17895891,264,"W","158 CORNING AVE W                                 ","                         ",2,"    Accessory On",14,4,9,2,0,2016,6,3,10,26,33
"131",8574579,120,"DP1             ",4641432008,"STREET REPAIR","2016-06-03 10:27:08.000",2016-06-03 10:27:08,5314798.62003229,-8476369.74295402,0.000927,0,263,"W","162 CORNING AVE W                                 ","                         ",2,"    Accessory On",14,4,9,2,0,2016,6,3,10,27,8
"132",8574643,120,"DP1             ",4641432008,"STREET REPAIR","2016-06-03 10:28:03.000",2016-06-03 10:28:04,5314795.34652187,-8476401.76958173,0.0009094,0,275,"W","172 CORNING AVE W                                 ","                         ",2,"    Accessory On",14,4,11,2,0,2016,6,3,10,28,4
"133",8574680,120,"DP1             ",4641432008,"STREET REPAIR","2016-06-03 10:28:41.000",2016-06-03 10:28:42,5314795.49877794,-8476404.05163204,0.0008827,0.11184932,275,"W","172 CORNING AVE W                                 ","                         ",2,"    Accessory On",14,4,10,2,0,2016,6,3,10,28,42
"134",8574705,120,"DP1             ",4641432008,"STREET REPAIR","2016-06-03 10:29:10.000",2016-06-03 10:29:10,5314796.89953513,-8476402.5488185,0.0008939,0,275,"W","172 CORNING AVE W                                 ","                         ",2,"    Accessory On",14,4,9,2,0,2016,6,3,10,29,10
"135",8574727,120,"DP1             ",4641432008,"STREET REPAIR","2016-06-03 10:29:40.000",2016-06-03 10:29:41,5314795.02678321,-8476414.19284092,0.0009452,0.044739727,264,"W","176 CORNING AVE W                                 ","                         ",2,"    Accessory On",14,4,9,2,0,2016,6,3,10,29,41
"136",8574770,120,"DP1             ",4641432008,"STREET REPAIR","2016-06-03 10:30:08.000",2016-06-03 10:30:08,5314793.93053886,-8476411.56570002,0.0009268,0,259,"W","172 CORNING AVE W                                 ","                         ",2,"    Accessory On",14,4,9,2,0,2016,6,3,10,30,8
"137",8574832,120,"DP1             ",4641432008,"STREET REPAIR","2016-06-03 10:31:27.000",2016-06-03 10:31:28,5314793.39764078,-8476439.96331131,0.0010565,0.044739727,83,"E","180 CORNING AVE W                                 ","                         ",2,"    Accessory On",14,4,13,2,0,2016,6,3,10,31,28
"138",8574876,120,"DP1             ",4641432008,"STREET REPAIR","2016-06-03 10:32:16.000",2016-06-03 10:32:17,5314790.15458473,-8476446.86512181,0.0010106,0.044739727,267,"W","180 CORNING AVE W                                 ","                         ",2,"    Accessory On",14,4,13,2,0,2016,6,3,10,32,17
"139",8574927,120,"DP1             ",4641432008,"STREET REPAIR","2016-06-03 10:33:04.000",2016-06-03 10:33:04,5314792.25571959,-8476440.68688817,0.0009592,0,89,"E","180 CORNING AVE W                                 ","                         ",2,"    Accessory On",14,4,9,2,0,2016,6,3,10,33,4
"140",8574963,120,"DP1             ",4641432008,"STREET REPAIR","2016-06-03 10:33:47.000",2016-06-03 10:33:47,5314792.9713233,-8476444.3604326,0.0009106,0,260,"W","180 CORNING AVE W                                 ","                         ",2,"    Accessory On",14,4,13,2,0,2016,6,3,10,33,47
"141",8575024,120,"DP1             ",4641432008,"STREET REPAIR","2016-06-03 10:34:52.000",2016-06-03 10:34:52,5314785.93708966,-8476480.95116072,0.0009524,0,80,"E","194 CORNING AVE W & CANNON                        ","                         ",2,"    Accessory On",14,4,9,2,0,2016,6,3,10,34,52
"142",8575066,120,"DP1             ",4641432008,"STREET REPAIR","2016-06-03 10:35:28.000",2016-06-03 10:35:28,5314785.63257752,-8476482.32039089,0.0009705,0.044739727,80,"E","194 CORNING AVE W & CANNON                        ","                         ",2,"    Accessory On",14,4,9,2,0,2016,6,3,10,35,28
"143",8575175,120,"DP1             ",4641432008,"STREET REPAIR","2016-06-03 10:37:14.000",2016-06-03 10:37:15,5314787.07900992,-8476483.06623179,0.0009639,0,261,"W","194 CORNING AVE W & CANNON                        ","                         ",2,"    Accessory On",14,4,9,2,0,2016,6,3,10,37,15
"144",8575221,120,"DP1             ",4641432008,"STREET REPAIR","2016-06-03 10:37:55.000",2016-06-03 10:37:55,5314784.64291241,-8476499.7641607,0.0009764,0,259,"W","194 CORNING AVE W & CANNON                        ","                         ",2,"    Accessory On",14,4,9,2,0,2016,6,3,10,37,55
"145",8575260,120,"DP1             ",4641432008,"STREET REPAIR","2016-06-03 10:38:31.000",2016-06-03 10:38:31,5314777.30417483,-8476506.36540826,0.0010581,0.17895891,266,"W","194 CORNING AVE W & CANNON                        ","                         ",2,"    Accessory On",14,4,19,2,0,2016,6,3,10,38,31
"146",8575354,120,"DP1             ",4641432008,"STREET REPAIR","2016-06-03 10:39:49.000",2016-06-03 10:39:50,5314783.60757013,-8476526.56990273,0.0009668,0.044739727,337,"NW","200 CORNING AVE W & CANNON ST                     ","                         ",2,"    Accessory On",14,4,9,2,0,2016,6,3,10,39,50
"147",8576906,120,"DP1             ",4641432008,"STREET REPAIR","2016-06-03 11:03:44.000",2016-06-03 11:03:45,5320339.80146702,-8472496.13540327,0.0009316,0.11184932,357,"N","1200 CANAL ST                                     ","                         ",2,"    Accessory On",14,4,9,2,0,2016,6,3,11,3,45
"148",8576969,120,"DP1             ",4641432008,"STREET REPAIR","2016-06-03 11:05:02.000",2016-06-03 11:05:03,5320337.13540317,-8472489.47849543,0.0009286,0,106,"E","1200 CANAL ST                                     ","                         ",2,"    Accessory On",14,4,9,2,0,2016,6,3,11,5,3
"149",8577052,120,"DP1             ",4641432008,"STREET REPAIR","2016-06-03 11:06:47.000",2016-06-03 11:06:48,5320330.08176578,-8472430.53480555,0.0010039,0,44,"NE","1200 CANAL ST                                     ","                         ",2,"    Accessory On",14,4,9,2,0,2016,6,3,11,6,48
"150",8577141,120,"DP1             ",4641432008,"STREET REPAIR","2016-06-03 11:08:33.000",2016-06-03 11:08:34,5320305.75208204,-8472374.15146389,0.0010261,0.11184932,106,"E","1261 CANAL ST SYRACUSE 13210                      ","                         ",2,"    Accessory On",14,4,9,2,0,2016,6,3,11,8,34
